task,fold_id,rf_pr_auc,hybrid_pr_auc,delta_pr_auc,rf_roc_auc,hybrid_roc_auc,delta_roc_auc,rf_balanced_accuracy,hybrid_balanced_accuracy,delta_balanced_accuracy,rf_f1,hybrid_f1,delta_f1,rf_p_at_5,hybrid_p_at_5,delta_p_at_5,rf_p_at_10,hybrid_p_at_10,delta_p_at_10,rf_ef_at_5,hybrid_ef_at_5,delta_ef_at_5
esr1_binding,scaffold_holdout_01,0.2363668349147348,0.3446475820664759,0.10828074715174107,0.6596072931276298,0.7223780582826866,0.06277076515505686,0.521505376344086,0.5769050958391772,0.05539971949509115,0.08247422680412372,0.26153846153846155,0.17906423473433783,0.2,0.45,0.25,0.20253164556962025,0.3924050632911392,0.18987341772151897,1.6838709677419355,3.7887096774193547,2.104838709677419
esr1_binding,scaffold_holdout_02,0.47146291605623436,0.6096628002580073,0.13819988420177298,0.755129179331307,0.8166413373860182,0.06151215805471122,0.573055977710233,0.7353596757852077,0.1623036980749747,0.2556390977443609,0.5182186234817814,0.2625795257374205,0.7317073170731707,0.8780487804878049,0.14634146341463417,0.5609756097560976,0.6951219512195121,0.13414634146341453,5.337543554006969,6.405052264808363,1.0675087108013939
esr1_binding,scaffold_holdout_03,0.5371498608437983,0.6309269295742782,0.09377706873047986,0.8402564817396153,0.845413994981879,0.005157513242263656,0.6546557011430164,0.7340395873989406,0.07938388625592419,0.45833333333333326,0.4087591240875912,-0.049574209245742074,0.8461538461538461,0.9230769230769231,0.07692307692307698,0.6,0.68,0.08000000000000007,6.097285067873303,6.65158371040724,0.5542986425339373
esr1_binding,scaffold_holdout_04,0.5240476609616432,0.5310295623674366,0.006981901405793356,0.8064001879446906,0.7622835279903343,-0.04411665995435632,0.5900456437105652,0.6908309840247013,0.10078534031413611,0.3053435114503817,0.40677966101694907,0.10143614956656738,0.6470588235294118,0.7941176470588235,0.1470588235294117,0.6176470588235294,0.6323529411764706,0.014705882352941124,4.21210407239819,5.169400452488687,0.9572963800904972
esr1_binding,scaffold_holdout_05,0.25717392954710555,0.34174933224214693,0.08457540269504138,0.6604415168239274,0.708047000178031,0.04760548335410364,0.5473206337902795,0.5910361402884102,0.04371550649813072,0.1739130434782609,0.2814814814814815,0.1075684380032206,0.3076923076923077,0.46153846153846156,0.15384615384615385,0.23376623376623376,0.2727272727272727,0.038961038961038946,2.878048780487805,4.317073170731708,1.4390243902439024
